text,label
오늘 강아지랑 산책했어,다이어리 작성
우리 강아지 일기 써줘,다이어리 작성
오늘 있었던 일 강아지 시점으로 써줘,다이어리 작성
강아지가 오늘 목욕했어,다이어리 작성
오늘 강아지가 간식을 처음 먹었어,다이어리 작성
강아지 일기 작성해줘,다이어리 작성
오늘 강아지가 놀이터에서 친구 만났어,다이어리 작성
강아지 오늘의 하루 기록해줘,다이어리 작성
우리 강아지 관점으로 오늘 일기 써줘,다이어리 작성
강아지 일상 기록 남겨줘,다이어리 작성
강아지랑 갈 수 있는 홍대 카페 알려줘,장소추천
반려견 동반 가능한 식당 추천해줘,장소추천
강아지 입장 가능한 공원 어디야?,장소추천
우리 강아지 데리고 갈 수 있는 카페 있어?,장소추천
펫프렌들리 레스토랑 추천해줘,장소추천
강남 근처 반려견 동반 카페 알려줘,장소추천
강아지랑 같이 갈 수 있는 곳 추천,장소추천
애견동반 가능한 식당 찾아줘,장소추천
반려견이랑 갈 수 있는 근처 공원,장소추천
강아지 입장 되는 카페 어디야,장소추천
이 카페 울타리 있어?,시설정보
강아지 체중 제한 있는 카페야?,시설정보
주차 가능한지 알고 싶어,시설정보
실내인지 실외인지 알려줘,시설정보
이 식당 예약 가능해?,시설정보
여기 소형견만 되나요?,시설정보
이 공원 목줄 필수야?,시설정보
운영 시간 알려줘,시설정보
이 카페 반려견 메뉴 있어?,시설정보
여기 입장료 있어?,시설정보
오늘 강아지가 공원에서 뛰어놀았어,다이어리 작성
우리 강아지 처음으로 바다에 갔어,다이어리 작성
오늘 강아지 병원 다녀왔어,다이어리 작성
강아지가 새 장난감을 받고 좋아했어,다이어리 작성
오늘 강아지랑 드라이브 갔다왔어,다이어리 작성
강아지가 처음으로 계단을 올라갔어,다이어리 작성
우리 강아지 오늘 예방접종 맞았어,다이어리 작성
오늘 강아지랑 집에서 뒹굴었어,다이어리 작성
강아지가 처음 수영했던 날이야,다이어리 작성
오늘 강아지가 새 간식을 좋아했어,다이어리 작성
강아지 관점에서 오늘을 써줘,다이어리 작성
오늘 강아지랑 있었던 일 기록해줘,다이어리 작성
강아지가 오늘 많이 짖었어,다이어리 작성
우리 강아지 처음 미용실 갔어,다이어리 작성
오늘 강아지가 친구 강아지랑 싸웠어,다이어리 작성
강아지랑 한강 갔다온 이야기 써줘,다이어리 작성
오늘 강아지가 밥을 안 먹었어,다이어리 작성
우리 강아지 오늘 생일이야,다이어리 작성
강아지가 오늘 새 친구 사귀었어,다이어리 작성
오늘 강아지랑 캠핑 갔어,다이어리 작성
강아지 시점 일기 하나 만들어줘,다이어리 작성
우리 강아지 오늘 처음 산책했어,다이어리 작성
오늘 강아지가 간식 훔쳐 먹었어,다이어리 작성
강아지가 오늘 혼자 있었어,다이어리 작성
오늘 강아지가 많이 피곤해 보였어,다이어리 작성
강아지랑 오늘 즐거웠던 기억 기록해줘,다이어리 작성
우리 강아지 오늘 털갈이 심해,다이어리 작성
오늘 강아지가 내 손을 핥았어,다이어리 작성
강아지가 오늘 무지개 다리 건넜어,다이어리 작성
오늘 강아지랑 카페 다녀왔어,다이어리 작성
강아지 입장에서 오늘 일기 써줄래,다이어리 작성
우리 강아지 새로운 가족 만났어,다이어리 작성
오늘 강아지 훈련시켰어,다이어리 작성
강아지가 오늘 말을 안 들었어,다이어리 작성
오늘 강아지랑 놀이공원 갔어,다이어리 작성
강아지 오늘 하루 일기로 정리해줘,다이어리 작성
우리 강아지 오늘 입양 1주년이야,다이어리 작성
오늘 강아지랑 낮잠 잤어,다이어리 작성
강아지가 오늘 내 신발 물어뜯었어,다이어리 작성
오늘 강아지가 처음으로 앉아를 했어,다이어리 작성
강아지 마음으로 일기 써줘,다이어리 작성
우리 강아지 오늘 우울해 보여,다이어리 작성
오늘 강아지가 거울 보고 놀랐어,다이어리 작성
강아지랑 오늘 비 맞으면서 산책했어,다이어리 작성
오늘 강아지가 TV를 봤어,다이어리 작성
강아지가 오늘 처음 달렸어,다이어리 작성
오늘 강아지랑 야경 보러 갔어,다이어리 작성
우리 강아지 오늘 피곤해서 일찍 잤어,다이어리 작성
오늘 강아지가 이상한 소리를 냈어,다이어리 작성
강아지 시점으로 하루 요약해줘,다이어리 작성
오늘 강아지랑 사진 많이 찍었어,다이어리 작성
강아지가 오늘 새로운 길을 갔어,다이어리 작성
오늘 강아지가 나를 깨웠어,다이어리 작성
우리 강아지 오늘 감기 걸렸어,다이어리 작성
오늘 강아지랑 숲길 산책했어,다이어리 작성
강아지가 오늘 택배 보고 짖었어,다이어리 작성
오늘 강아지 처음 유치원 보냈어,다이어리 작성
강아지 입장 일기로 오늘 남겨줘,다이어리 작성
우리 강아지 오늘 산책 거부했어,다이어리 작성
오늘 강아지가 새 옷 입었어,다이어리 작성
강아지가 오늘 발을 다쳤어,다이어리 작성
오늘 강아지랑 해변 갔다왔어,다이어리 작성
강아지 시점으로 오늘 추억 정리해줘,다이어리 작성
우리 강아지 오늘 많이 놀았어,다이어리 작성
오늘 강아지가 처음으로 차를 탔어,다이어리 작성
강아지가 오늘 무서워했어,다이어리 작성
오늘 강아지랑 눈밭에서 뛰어놀았어,다이어리 작성
강아지 오늘 하루 써줘,다이어리 작성
우리 강아지 오늘 너무 귀여웠어,다이어리 작성
오늘 강아지가 이웃 강아지 만났어,다이어리 작성
강아지가 오늘 처음 미역국 먹었어,다이어리 작성
오늘 강아지랑 등산 갔어,다이어리 작성
강아지 관점에서 오늘 하루 기록해줘,다이어리 작성
우리 강아지 오늘 처음 눈을 봤어,다이어리 작성
오늘 강아지가 간식 거절했어,다이어리 작성
강아지가 오늘 코 골면서 잤어,다이어리 작성
오늘 강아지랑 도서관 근처 걸었어,다이어리 작성
강아지 기분으로 오늘 일기 만들어줘,다이어리 작성
우리 강아지 오늘 병원에서 씩씩했어,다이어리 작성
오늘 강아지가 공 물고 왔어,다이어리 작성
강아지가 오늘 내 무릎에서 잤어,다이어리 작성
오늘 강아지랑 꽃구경 갔어,다이어리 작성
강아지 마음 담은 일기 하나 써줘,다이어리 작성
우리 강아지 오늘 발톱 깎았어,다이어리 작성
오늘 강아지가 처음으로 껴안아줬어,다이어리 작성
강아지가 오늘 새 하우스에 들어갔어,다이어리 작성
오늘 강아지랑 계곡 놀러 갔어,다이어리 작성
강아지 일기 귀엽게 써줘,다이어리 작성
우리 강아지 오늘 혼자 집 지켰어,다이어리 작성
오늘 강아지가 낯선 사람한테 반가워했어,다이어리 작성
강아지가 오늘 처음 수영장 갔어,다이어리 작성
오늘 강아지랑 펜션 다녀왔어,다이어리 작성
강아지 시점 하루 일지 부탁해,다이어리 작성
우리 강아지 오늘 생일파티 했어,다이어리 작성
오늘 강아지가 무지개를 봤어,다이어리 작성
강아지가 오늘 처음 눈싸움 했어,다이어리 작성
오늘 강아지랑 강변 산책했어,다이어리 작성
강아지 입장에서 일기 남겨줘,다이어리 작성
우리 강아지 오늘 엄청 신났어,다이어리 작성
오늘 강아지가 꿈꾸면서 자는 거 같았어,다이어리 작성
이태원 반려견 동반 카페 추천해줘,장소추천
서울에 강아지랑 갈 만한 곳 알려줘,장소추천
대형견 입장 가능한 카페 찾아줘,장소추천
야외 테라스 있는 반려견 동반 식당 추천,장소추천
근처에 애견동반 베이커리 있어?,장소추천
제주도 강아지랑 가기 좋은 카페 알려줘,장소추천
부산 해운대 반려견 동반 식당 있어?,장소추천
브런치 맛있는 펫프렌들리 카페 추천,장소추천
강아지 놀기 좋은 애견동반 펜션 알려줘,장소추천
목줄 풀어놓을 수 있는 공원 추천해줘,장소추천
반려견 동반 호텔 추천해줘,장소추천
애견동반 캠핑장 어디가 좋아?,장소추천
강아지랑 갈 만한 수영장 있는 곳 알려줘,장소추천
야외 애견 운동장 있는 카페 추천,장소추천
반려견 동반 가능한 백화점 있어?,장소추천
우리 강아지 데려갈 만한 놀이터 알려줘,장소추천
소형견 전용 카페 추천해줘,장소추천
애견 수영장 있는 지역 알려줘,장소추천
실외 펫프렌들리 공간 추천,장소추천
이촌동 근처 반려견 동반 카페 있어?,장소추천
강아지 데리고 쇼핑할 수 있는 데 알려줘,장소추천
반려견 동반 영화관 있어?,장소추천
우리 강아지랑 놀 수 있는 넓은 공원,장소추천
성수동 애견동반 카페 추천해줘,장소추천
강아지랑 같이 등산할 수 있는 산 알려줘,장소추천
반려견 동반 가능한 파티룸 있을까,장소추천
애견 놀이터 있는 카페 알려줘,장소추천
반려견 전용 해변 추천,장소추천
동탄 근처 애견동반 식당 추천해줘,장소추천
펫프렌들리 레스토랑 강남에 있어?,장소추천
반려견 데리고 갈 수 있는 도서관 있어?,장소추천
서울숲 근처 애견동반 카페 알려줘,장소추천
가평 반려견 동반 펜션 추천,장소추천
강아지 놀게 할 곳 찾아줘,장소추천
대형견도 되는 공원 추천해줘,장소추천
이번 주말에 강아지랑 갈 곳 추천해줘,장소추천
반려견 동반 가능한 브런치집 알려줘,장소추천
근처 애견동반 술집 있어?,장소추천
강아지랑 같이 갈 실내 놀이터 추천,장소추천
펫프렌들리 숙소 추천해줘,장소추천
강아지 데려갈 수 있는 루프탑 카페,장소추천
반려견 동반 미술관 있어?,장소추천
서울 강남 애견동반 카페 추천,장소추천
강아지랑 같이 갈 수 있는 수목원 알려줘,장소추천
애견 동반 가능한 바베큐집 추천,장소추천
반려견 전용 리조트 추천해줘,장소추천
우리 강아지 데려갈 예쁜 카페 추천,장소추천
홍대 주변 반려견 동반 식당 있어?,장소추천
강아지 목욕 가능한 카페 알려줘,장소추천
애견동반 가능한 북카페 추천해줘,장소추천
반려견 입장 되는 한식당 알려줘,장소추천
근처 반려견 놀이터 추천,장소추천
강아지랑 갈 수 있는 글램핑장 알려줘,장소추천
야경 보기 좋은 애견동반 카페,장소추천
반려견 동반 파스타집 있어?,장소추천
강원도 애견동반 펜션 추천해줘,장소추천
강아지 데리고 갈 만한 한적한 공원,장소추천
애견 수영장 딸린 카페 알려줘,장소추천
반려견 동반 가능한 스터디카페 있어?,장소추천
을지로 근처 반려견 동반 카페 추천,장소추천
강아지랑 갈 수 있는 분위기 좋은 레스토랑,장소추천
애견 훈련소 겸 카페 추천,장소추천
반려견 입장 가능한 공연장 있어?,장소추천
연남동 애견동반 식당 알려줘,장소추천
강아지 뛰놀 수 있는 잔디밭 있는 카페,장소추천
반려견 동반 한옥 숙소 추천,장소추천
애견 동반 가능한 디저트 카페 알려줘,장소추천
강아지랑 같이 갈 박물관 있어?,장소추천
펫프렌들리 모텔 있어?,장소추천
일산 반려견 동반 카페 추천,장소추천
반려견 동반 가능한 뷔페 있어?,장소추천
강아지랑 갈 만한 피크닉 장소 알려줘,장소추천
실내 애견 놀이터 추천해줘,장소추천
반려견 데려갈 수 있는 꽃집 있어?,장소추천
수원 애견동반 카페 추천,장소추천
강아지랑 갈 수 있는 전망대 알려줘,장소추천
반려견 동반 가능한 와인바 있어?,장소추천
송도 애견동반 식당 추천,장소추천
애견 동반 가능한 체험 농장 알려줘,장소추천
반려견 전용 스파 있는 곳 추천,장소추천
강아지 데리고 갈 만한 가족 식당,장소추천
분당 반려견 동반 카페 추천해줘,장소추천
반려견 동반 전시회 있어?,장소추천
애견 놀이터 근처 식당 알려줘,장소추천
강아지 입장 되는 키즈 카페 있어?,장소추천
경기도 반려견 동반 펜션 추천,장소추천
반려견 동반 가능한 사찰 있어?,장소추천
대구 애견동반 카페 알려줘,장소추천
강아지랑 노을 보러 갈 곳 추천,장소추천
반려견 출입 가능한 미용실 겸 카페,장소추천
남양주 애견동반 식당 추천,장소추천
반려견 동반 가능한 방탈출 있어?,장소추천
강아지 데려가기 좋은 계곡 알려줘,장소추천
대전 근처 애견 펜션 추천해줘,장소추천
반려견 동반 가능한 아이스크림 가게 있어?,장소추천
강아지랑 갈 수 있는 테마파크 알려줘,장소추천
펫프렌들리 한강공원 근처 카페,장소추천
애견 동반 가능한 요가원 있어?,장소추천
반려견과 함께 가는 빵집 추천,장소추천
강아지 놀기 좋은 넓은 카페 추천해줘,장소추천
이 카페 대형견도 입장 가능해?,시설정보
여기 강아지 메뉴 있어?,시설정보
이 식당 반려견 동반 테라스만 되는 거야?,시설정보
여기 야외 공간 있어?,시설정보
이 카페 발매트 제공해?,시설정보
여긴 목줄 풀어도 돼?,시설정보
이 공원 개방 시간은 언제야?,시설정보
여기 화장실 시설 어때?,시설정보
이 카페 흡연 구역 있어?,시설정보
여기 분양 서비스 있어?,시설정보
이 식당 배달돼?,시설정보
여기 예약 필수야?,시설정보
이 카페 주차장 넓어?,시설정보
여기 반려견 전용 공간 있어?,시설정보
이 펜션 울타리 있는 마당 있어?,시설정보
여기 강아지 간식 파는 곳 있어?,시설정보
이 카페 음료 값 얼마야?,시설정보
여기 이용 시간 제한 있어?,시설정보
이 식당 단체석 있어?,시설정보
여기 휠체어 접근 가능해?,시설정보
이 카페 와이파이 돼?,시설정보
여기 반려견 몇 마리까지 동반 가능해?,시설정보
이 공원 산책로 길이 얼마야?,시설정보
여기 미용 서비스 있어?,시설정보
이 카페 단독 좌석 있어?,시설정보
여기 반려견 놀이기구 있어?,시설정보
이 식당 룸 있어?,시설정보
여기 강아지 샤워 시설 있어?,시설정보
이 카페 난방 잘 돼?,시설정보
여기 브런치 메뉴 있어?,시설정보
이 공원 차량 진입 가능해?,시설정보
여기 반려견 무료 입장이야?,시설정보
이 카페 콘센트 있어?,시설정보
여기 반려견 사진 서비스 있어?,시설정보
이 펜션 강아지 추가 요금 있어?,시설정보
여기 예약 어디서 해?,시설정보
이 카페 배변봉투 제공해?,시설정보
여기 실외 운동장 있어?,시설정보
이 식당 강아지 물그릇 주나요?,시설정보
여기 반려견 동반 가능 시간대 따로 있어?,시설정보
이 카페 영업시간 어떻게 돼?,시설정보
여긴 중성화 필수야?,시설정보
이 공원 야간에도 열려?,시설정보
여기 반려견 동반 스튜디오 있어?,시설정보
이 카페 주차 요금 있어?,시설정보
여기 분리된 반려견 구역 있어?,시설정보
이 식당 메뉴판 볼 수 있어?,시설정보
여기 대형견 추가 요금 있어?,시설정보
이 카페 매주 쉬는 날 언제야?,시설정보
여기 반려견 동반 흡연 금지야?,시설정보
이 공원 벤치 많아?,시설정보
여기 예방접종 확인해?,시설정보
이 카페 디저트 종류 뭐 있어?,시설정보
여기 반려견 울타리 높이 얼마야?,시설정보
이 펜션 바베큐 가능해?,시설정보
여기 유모차 반입 돼?,시설정보
이 카페 반려견용 수건 있어?,시설정보
여기 분실물 보관소 있어?,시설정보
이 식당 생일 파티 가능해?,시설정보
여기 반려견 혼자 맡겨도 돼?,시설정보
이 카페 노키즈존이야?,시설정보
여기 현장 결제만 돼?,시설정보
이 공원 분수 있어?,시설정보
여기 반려견 전용 탈의실 있어?,시설정보
이 카페 방해 안 받는 좌석 있어?,시설정보
여기 강아지 컵 따로 나와?,시설정보
이 식당 포장 가능해?,시설정보
여기 반려견 픽업 서비스 있어?,시설정보
이 카페 창가 자리 있어?,시설정보
여기 중형견도 돼?,시설정보
이 공원 풀밭 있어?,시설정보
여기 대중교통으로 어떻게 가?,시설정보
이 카페 반려견 생일상 차려줘?,시설정보
여기 분실 시 보상해줘?,시설정보
이 식당 광견병 예방접종 확인해?,시설정보
여기 반려견 사료 파는 곳 있어?,시설정보
이 카페 음식 반입돼?,시설정보
여기 장시간 이용 가능해?,시설정보
이 펜션 강아지 몇 마리까지 돼?,시설정보
여기 반려견 정원 따로 있어?,시설정보
이 카페 커피 맛 어때?,시설정보
여기 반려견 대기실 있어?,시설정보
이 공원 사이즈가 얼마나 돼?,시설정보
여기 심야 영업해?,시설정보
이 카페 좌석 예약 가능해?,시설정보
여기 리드줄 대여해줘?,시설정보
이 식당 아이들도 가능해?,시설정보
여기 반려견 미끄럼방지 매트 있어?,시설정보
이 카페 반려견 포토존 있어?,시설정보
여기 반려견 구조 훈련사 있어?,시설정보
이 공원 물놀이장 있어?,시설정보
여기 반려견 동반 문구 별도 있어?,시설정보
이 카페 콜라보 메뉴 있어?,시설정보
여기 반려견 입장 조건 뭐야?,시설정보
이 펜션 냉난방 돼?,시설정보
여기 대여 상품 있어?,시설정보
이 식당 가격대 어떻게 돼?,시설정보
여기 반려견 전용 간식 자판기 있어?,시설정보
이 카페 사진 촬영 허용해?,시설정보
여기 반려견 배변 장소 있어?,시설정보
안녕,기타
안녕하세요,기타
반가워요,기타
처음 왔어요,기타
오늘 날씨 어때요,기타
좋은 아침이에요,기타
잘 지내고 있나요,기타
오랜만이에요,기타
오늘도 잘 부탁해요,기타
반갑습니다,기타
강아지가 밥을 안 먹어요,기타
우리 강아지 식욕이 없어요,기타
강아지 발바닥이 갈라졌어요,기타
눈물 자국 없애는 방법 알려줘,기타
강아지 눈이 자꾸 충혈돼요,기타
강아지 귀에서 냄새가 나요,기타
강아지가 자꾸 발을 핥아요,기타
강아지 털 빠짐이 너무 심해요,기타
강아지 피부가 가려운 것 같아요,기타
강아지 변이 이상한 것 같아요,기타
강아지가 기침을 자주 해요,기타
강아지 체중이 너무 많이 나가요,기타
강아지 예방접종 언제 해야 해요,기타
강아지 심장사상충 예방은 어떻게 해요,기타
강아지 양치질 어떻게 하나요,기타
강아지가 너무 짖어요,기타
짖음을 줄이는 방법이 있을까요,기타
배변 훈련은 어떻게 시작하나요,기타
강아지가 소파를 자꾸 물어뜯어요,기타
강아지 앉아 훈련 어떻게 해요,기타
강아지가 산책 중에 당겨요,기타
강아지 사회화 훈련이 뭐예요,기타
강아지 분리불안 어떻게 고치나요,기타
강아지가 낯선 사람을 무서워해요,기타
강아지 훈련 언제부터 시작하면 좋아요,기타
이 앱 어떻게 써요,기타
무슨 기능이 있어요,기타
어떤 서비스를 제공하나요,기타
앱 사용법을 알려주세요,기타
챗봇이 뭘 도와줄 수 있나요,기타
회원가입은 어떻게 해요,기타
반려견 등록은 어떻게 하나요,기타
비밀번호를 잊어버렸어요,기타
앱이 잘 안 열려요,기타
알림 설정은 어디서 하나요,기타
강아지 이름 뭐가 좋을까요,기타
견종 추천해 주세요,기타
소형견이랑 대형견 중에 뭐가 좋을까요,기타
강아지 처음 키우는데 뭐가 필요한가요,기타
강아지랑 같이 자도 돼요,기타
강아지 수명이 얼마나 돼요,기타
푸들이랑 말티즈 중에 어떤 게 좋아요,기타
강아지 입양하려면 어떻게 해요,기타
유기견 입양 절차 알려주세요,기타
강아지 보험 들어야 하나요,기타
오늘 강아지가 너무 귀여웠어요,기타
우리 강아지 자랑해도 돼요,기타
강아지랑 놀다가 물렸어요,기타
강아지가 다른 강아지를 너무 무서워해요,기타
강아지 사료 추천해줘요,기타
습식 사료랑 건식 사료 차이가 뭐예요,기타
강아지한테 과일 줘도 돼요,기타
강아지가 포도를 먹었어요,기타
강아지한테 줘도 되는 간식이 뭐예요,기타
강아지 목욕 얼마나 자주 해야 해요,기타
강아지 미용은 어떻게 해요,기타
강아지 발톱은 얼마나 자주 잘라줘야 해요,기타
강아지가 열이 있는 것 같아요,기타
강아지가 갑자기 다리를 절어요,기타
강아지가 구토를 했어요,기타
강아지 중성화 수술 해야 하나요,기타
강아지가 임신한 것 같아요,기타
노령견 케어 방법 알려주세요,기타
강아지랑 비행기 탈 수 있어요,기타
여행 갈 때 강아지 어떻게 해요,기타
펫시터 구하는 방법이 뭐예요,기타
강아지 유치원이 뭐예요,기타
고마워요,기타
도움이 됐어요,기타
잘 모르겠어요,기타
다시 설명해줄 수 있어요,기타
안녕?,기타
안녕!,기타
안녕ㅎㅎ,기타
잘 있어?,기타
뭐해?,기타
뭐 해?,기타
잘 지냈어?,기타
오랜만이야,기타
오늘 어때?,기타
잘 자?,기타
너는 누구니,기타
너는 누구야,기타
넌 뭐야,기타
이름이 뭐야,기타
뭘 할 수 있어?,기타
뭘 도와줄 수 있어?,기타
어떤 기능이 있어?,기타
챗봇이야?,기타
AI야?,기타
사람이야?,기타
배고프다,기타
배고파,기타
밥 먹고 싶다,기타
뭐 먹지,기타
집가고싶다,기타
집에 가고 싶어,기타
퇴근하고 싶다,기타
피곤해,기타
피곤하다,기타
졸려,기타
졸리다,기타
심심해,기타
심심하다,기타
똥마려,기타
화장실 가고 싶어,기타
머리 아파,기타
힘들어,기타
힘들다,기타
짜증나,기타
기분 좋다,기타
기분이 좋아,기타
행복해,기타
슬퍼,기타
우울해,기타
설레,기타
오늘 날씨 좋다,기타
비 온다,기타
춥다,기타
덥다,기타
오늘 뭐 먹었어?,기타
점심 뭐 먹지,기타
치킨 먹고 싶다,기타
강아지 귀엽다,기타
우리 개 자고 있어,기타
강아지랑 놀고 싶어,기타
강아지 보고 싶다,기타
강아지 사랑해,기타
우리 강아지 최고야,기타
강아지가 내 옆에 있어,기타
산책 다녀왔어,기타
오늘 산책 어땠어?,기타
고마워,기타
감사합니다,기타
수고해,기타
잘가,기타
안녕히 계세요,기타
ㅋㅋ,기타
ㅎㅎ,기타
ㅠㅠ,기타
ㅋㅋㅋ,기타
그래,기타
응,기타
아니,기타
모르겠어,기타
그렇구나,기타
진짜?,기타
대박,기타
헐,기타
어린이대공원 반려견 동반 가능해?,시설정보
스타벅스 청담점 주차장 있어?,시설정보
남산공원 언제까지 열려?,시설정보
보라매공원 강아지 출입 돼?,시설정보
어대공공원 운영시간 알려줘,시설정보
아차산생태공원 대형견 입장 가능?,시설정보
롯데월드몰 반려견 동반 식당 있어?,시설정보
스타필드 하남점 개모차 대여해줘?,시설정보
올림픽공원 강아지 산책 가능한가요?,시설정보
뚝섬유원지 반려견 동반 구역 있어?,시설정보
이케아 광명점 강아지 데려가도 돼?,시설정보
신세계백화점 강남점 애견동반 룰이 뭐야?,시설정보
북서울꿈의숲 주차 요금 알려줘,시설정보
해운대 해수욕장 반려견 입장 가능 시간,시설정보
여의도 한강공원 애견 놀이터 위치 어디야?,시설정보
1004 약국 반려동물 동반 가능해?,시설정보
1004 약국 주차 가능한지 알려줘,시설정보
100세건강약국 운영시간 어떻게 돼?,시설정보
100세건강약국 강아지 데려가도 돼?,시설정보
100세약국 영등포구 지점 영업시간 알려줘,시설정보
100세약국 수원시 팔달구 지점 주차 돼?,시설정보
100코달리 와인바 반려견 동반 가능해?,시설정보
100코달리 와인바 주차장 있어?,시설정보
107page 카페 운영시간 알려줘,시설정보
107page 카페 강아지 입장 가능해?,시설정보
119동물병원 주차 가능한가요?,시설정보
119동물병원 진료 시간 알려줘,시설정보
1723 카페 반려견 데려가도 돼?,시설정보
1723 카페 영업시간 어떻게 돼?,시설정보
1919봄 카페 주차 가능해?,시설정보
1919봄 카페 쉬는 날이 언제야?,시설정보
1974유달동미스박 반려견 동반 가능해?,시설정보
1974유달동미스박 운영시간 알려줘,시설정보
202펫푸드 주차장 있어?,시설정보
202펫푸드 강아지 데리고 들어갈 수 있어?,시설정보
21세기 동물병원 전주점 운영시간 알려줘,시설정보
21세기 동물병원 전주점 주차 가능해?,시설정보
21세기동물병원 용산구 지점 영업시간 알려줘,시설정보
21세기동물병원 목포시 지점 주차 돼?,시설정보
24시 강서 젠틀리동물의료센터 24시간 운영해?,시설정보
24시 강서 젠틀리동물의료센터 주차 가능한가요?,시설정보
24시 건국 본 동물병원 운영시간 알려줘,시설정보
24시 건국 본 동물병원 반려견 동반 가능해?,시설정보
24시 멍냥마켓 파장점 영업시간 알려줘,시설정보
24시 멍냥마켓 파장점 주차장 있어?,시설정보
24시 애견미용 강아지 데려가도 돼?,시설정보
24시 애견미용 주차 가능해?,시설정보
2Cats 카페 강아지 입장 가능해?,시설정보
2Cats 카페 운영시간 알려줘,시설정보
331멍발소 예약 없이 이용 가능해?,시설정보
331멍발소 주차 가능한지 알려줘,시설정보
369펜션 반려견 몸무게 제한 있어?,시설정보
369펜션 입실 시간이 언제야?,시설정보
38 COFFEE 주차장 있어?,시설정보
38 COFFEE 반려견 동반 가능해?,시설정보
38 DEGREE 카페 운영시간 어떻게 돼?,시설정보
38 DEGREE 카페 주차 가능해?,시설정보
38도씨식당 강아지랑 들어갈 수 있어?,시설정보
38도씨식당 영업시간 알려줘,시설정보
518기념공원 주차 가능한가요?,시설정보
518기념공원 24시간 개방이야?,시설정보
521펫살롱 운영시간 알려줘,시설정보
521펫살롱 주차장 있어?,시설정보
92버터샵 카페 반려견 동반 가능해?,시설정보
92버터샵 카페 영업시간 알려줘,시설정보
가경공원 강아지 산책 가능해?,시설정보
가경공원 주차장 있어?,시설정보
가든블루 펜션 몇 kg까지 입장 가능해?,시설정보
가든블루 펜션 입실 퇴실 시간 알려줘,시설정보
가락바위소류지 반려견 데려가도 돼?,시설정보
가락바위소류지 주차 가능해?,시설정보
가람펫 운영시간 알려줘,시설정보
가람펫 반려견 미용 가능한 곳이야?,시설정보
가마미해수욕장 반려견 입장 가능해?,시설정보
가마미해수욕장 24시간 개방이야?,시설정보
가수원근린공원 주차 가능한가요?,시설정보
가수원근린공원 강아지 출입 돼?,시설정보
가우도 반려견 동반 가능해?,시설정보
가우도 주차장 있어?,시설정보
가원별장 펜션 반려견 무게 제한 알려줘,시설정보
가원별장 펜션 이용 시간 어떻게 돼?,시설정보
가천박물관 반려견 동반 가능해?,시설정보
가천박물관 운영시간 알려줘,시설정보
가평휴게소 반려견놀이터 운영시간 알려줘,시설정보
가평휴게소 반려견놀이터 주차 가능해?,시설정보
가평힐링타임펜션 반려견 크기 제한 있어?,시설정보
가평힐링타임펜션 입실 시간 알려줘,시설정보
가학산근린공원 소형견만 입장 가능해?,시설정보
가학산근린공원 주차장 있어?,시설정보
가화쌈지숲공원 반려견 데려가도 돼?,시설정보
가화쌈지숲공원 운영시간 알려줘,시설정보
각리근린공원 주차 가능한지 알려줘,시설정보
각리근린공원 반려견 동반 가능해?,시설정보
각화제 강아지랑 갈 수 있어?,시설정보
각화제 24시간 열려 있어?,시설정보
간절곶 반려견 입장 가능해?,시설정보
간절곶 운영시간 어떻게 돼?,시설정보
감귤박물관 반려견 동반 가능해?,시설정보
감귤박물관 운영시간 알려줘,시설정보
감성공판장 카페 주차장 있어?,시설정보
감성공판장 카페 강아지 데려가도 돼?,시설정보
감자밭 카페 반려견 크기 제한 있어?,시설정보
감자밭 카페 영업시간 알려줘,시설정보
강아지공간 카페 반려견 동반 가능해?,시설정보
강아지공간 카페 주차 가능한가요?,시설정보
강아지대학로 카페 운영시간 알려줘,시설정보
강아지대학로 카페 주차장 있어?,시설정보
강아지숲 박물관 강아지 입장 가능해?,시설정보
강아지숲 박물관 운영시간 알려줘,시설정보
강아지왈츠 카페 10kg 넘는 강아지도 돼?,시설정보
강아지왈츠 카페 쉬는 날 알려줘,시설정보
강아지이발소 카페 주차 가능해?,시설정보
강아지이발소 카페 운영시간 알려줘,시설정보
강아지정류장 카페 반려견 동반 가능해?,시설정보
강아지정류장 카페 주차 돼?,시설정보
강아지집 카페 영업시간 알려줘,시설정보
강아지집 카페 주차장 있어?,시설정보
강이네하우스 펜션 반려견 크기 제한 알려줘,시설정보
강이네하우스 펜션 입실 시간 언제야?,시설정보
강화 고벵이 오션뷰 수영장 애견동반 펜션 몇 kg까지 가능해?,시설정보
강화 고벵이 오션뷰 수영장 애견동반 펜션 주차 가능해?,시설정보
강화 로만티카애견리조트 반려견 무게 제한 있어?,시설정보
강화 로만티카애견리조트 입실 퇴실 시간 알려줘,시설정보
강화 로맨틱큐브펜션 10kg 넘는 강아지도 가능해?,시설정보
강화 로맨틱큐브펜션 운영 정보 알려줘,시설정보
강화 마니산스토리 반려견 제한 조건 알려줘,시설정보
강화 마니산스토리 입실 시간이 언제야?,시설정보
강화 아우라 독채펜션 반려견 동반 가능해?,시설정보
강화 아우라 독채펜션 퇴실 시간 알려줘,시설정보
강화역사박물관 반려견 데려가도 돼?,시설정보
강화역사박물관 운영시간 알려줘,시설정보
강화자연사박물관 주차장 있어?,시설정보
강화자연사박물관 강아지 입장 가능해?,시설정보
강화전쟁박물관 반려견 동반 가능해?,시설정보
강화전쟁박물관 영업시간 알려줘,시설정보
개가사는그집 카페 반려견 크기 제한 있어?,시설정보
개가사는그집 카페 주차 가능한가요?,시설정보
개떼놀이터 18kg 넘는 강아지도 입장 가능해?,시설정보
개떼놀이터 운영시간 알려줘,시설정보
거제민속박물관 반려견 입장 가능해?,시설정보
거제민속박물관 관람 시간 알려줘,시설정보
거제어촌민속전시관 강아지 데려가도 돼?,시설정보
거제어촌민속전시관 운영시간 알려줘,시설정보
경기도미술관 반려견 동반 가능해?,시설정보
경기도미술관 주차 가능한가요?,시설정보
경주솔거미술관 운영시간 알려줘,시설정보
경주솔거미술관 강아지 입장 가능해?,시설정보
경주예술의전당 알천미술관 반려견 동반 돼?,시설정보
경주예술의전당 알천미술관 운영시간 알려줘,시설정보
광주대학교 호심미술관 강아지 데려가도 돼?,시설정보
광주대학교 호심미술관 영업시간 알려줘,시설정보
라라펫살롱 식당 반려견 동반 가능해?,시설정보
라라펫살롱 식당 운영시간 알려줘,시설정보
마이퍼주는집 반려견 데려가도 돼?,시설정보
마이퍼주는집 영업시간 알려줘,시설정보
아이앤독 식당 주차장 있어?,시설정보
아이앤독 식당 반려견 동반 가능해?,시설정보
엘룬 식당 영업시간 알려줘,시설정보
엘룬 식당 강아지랑 들어갈 수 있어?,시설정보
오피큐알 식당 주차 가능한가요?,시설정보
오피큐알 식당 운영시간 알려줘,시설정보
자티 식당 10kg 넘는 강아지도 돼?,시설정보
자티 식당 쉬는 날이 언제야?,시설정보
쑤니네펫샵 테라스 있어?,시설정보
쑤니네펫샵 강아지 동반 조건 알려줘,시설정보
쑤니네펫샵 전화번호 알려줘,시설정보
소망동물병원 입장료 있어?,시설정보
소망동물병원 주차 가능해?,시설정보
고덕 고래힐동물병원 몇 시에 문 열어?,시설정보
고덕 고래힐동물병원 연락처 어떻게 돼?,시설정보
고덕 고래힐동물병원 영업시간 알려줘,시설정보
나루아트센터 연락처 알려줘,시설정보
나루아트센터 전화번호 좀 알려줘,시설정보
나루아트센터 연중무휴야?,시설정보
카페희재 쉬는 날 알려줘,시설정보
카페희재 강아지 동반 조건 알려줘,시설정보
명동하이약국 어디로 가야 해?,시설정보
명동하이약국 몇 시에 문 열어?,시설정보
명동하이약국 테라스 있어?,시설정보
반포다정약국 실내 이용 가능해?,시설정보
반포다정약국 주차장 있어?,시설정보
고득영동물병원 연중무휴야?,시설정보
고득영동물병원 전화번호 좀 알려줘,시설정보
우면동물병원 목줄 필수야?,시설정보
우면동물병원 입장료 얼마야?,시설정보
우면동물병원 어디로 가야 해?,시설정보
펫트너건강검진센터 주소 알려줘,시설정보
펫트너건강검진센터 영업시간 알려줘,시설정보
펫트너건강검진센터 입장료 있어?,시설정보
텐즈힐링동물병원 전화번호 뭐야?,시설정보
텐즈힐링동물병원 이용료 얼마야?,시설정보
용마랜드 야외 있어?,시설정보
용마랜드 주말에도 열어?,시설정보
통인1939 강아지 동반 조건 알려줘,시설정보
통인1939 몇시까지 해?,시설정보
개님살롱 레이크사이드 연중무휴야?,시설정보
개님살롱 레이크사이드 몇 시에 문 열어?,시설정보
장보는강아지와고양이 대치점 입장료 얼마야?,시설정보
장보는강아지와고양이 대치점 목줄 필수야?,시설정보
장보는강아지와고양이 대치점 쉬는 날 알려줘,시설정보
강남강아지 쉬는 날 알려줘,시설정보
강남강아지 영업시간 알려줘,시설정보
금호동물약국 입장료 있어?,시설정보
금호동물약국 이용료 얼마야?,시설정보
금호동물약국 입장료 얼마야?,시설정보
행복한동물병원(서울 양천구) 어디로 가야 해?,시설정보
행복한동물병원(서울 양천구) 입장료 얼마야?,시설정보
다이소 상도점 어디 있어?,시설정보
다이소 상도점 실내 이용 가능해?,시설정보
참약사엠바른약국 운영시간 알려줘,시설정보
참약사엠바른약국 주차장 있어?,시설정보
미유컴퍼니 몇 시에 문 열어?,시설정보
미유컴퍼니 입장료 얼마야?,시설정보
미유컴퍼니 입장료 있어?,시설정보
필리필리 이용료 얼마야?,시설정보
필리필리 휴무일 언제야?,시설정보
녹수프라자약국 몇시까지 해?,시설정보
녹수프라자약국 목줄 필수야?,시설정보
헬로우뮤지움 테라스 있어?,시설정보
헬로우뮤지움 휴무일 언제야?,시설정보
늘푸른솔약국 몇 시에 문 열어?,시설정보
늘푸른솔약국 전화번호 좀 알려줘,시설정보
늘푸른솔약국 영업시간 알려줘,시설정보
푸른숲 동물병원 영업시간 알려줘,시설정보
푸른숲 동물병원 입장료 얼마야?,시설정보
푸른숲 동물병원 주차 돼?,시설정보
국립한글박물관 반려견 데려가도 돼?,시설정보
국립한글박물관 입장료 얼마야?,시설정보
국립한글박물관 주차장 있어?,시설정보
아름다운약국 몇 시에 문 열어?,시설정보
아름다운약국 연락처 어떻게 돼?,시설정보
강남프라자약국 실내 이용 가능해?,시설정보
강남프라자약국 어디 있어?,시설정보
펫클럽 신림점 실내 이용 가능해?,시설정보
펫클럽 신림점 주소 알려줘,시설정보
펫클럽 신림점 주차 가능해?,시설정보
똥마렵다,기타
나 지금 똥 싸고 싶어,기타
화장실 급해 죽겠어,기타
배 아파서 설사할 것 같아,기타
방귀 나올 것 같아,기타
오줌 마려워,기타
토할 것 같아,기타
속이 너무 안 좋아,기타
코딱지 파도 돼?,기타
더러운 얘기 해줘,기타
씨발,기타
씨발 뭐야,기타
개새끼야,기타
좆같네,기타
존나 짜증나,기타
꺼져,기타
닥쳐,기타
미친놈아,기타
병신 같아,기타
니가 뭘 알아,기타
말 같지도 않은 소리 하네,기타
헛소리하지 마,기타
짜증나 죽겠네,기타
열받게 하지 마,기타
욕 좀 해봐,기타
나한테 욕해줘,기타
심한 욕 알려줘,기타
친구한테 욕 문자 보내고 싶어,기타
상대방 기분 나쁘게 말하는 법 알려줘,기타
19금 이야기 해줘,기타
야한 얘기 해줘,기타
성인 농담 해줘,기타
섹드립 해줘,기타
야한 소설 써줘,기타
야한 채팅하자,기타
나랑 성적인 대화하자,기타
성인용 대사 만들어줘,기타
노골적인 19금 대화 해줘,기타
야동 추천해줘,기타
음란한 사진 만들어줘,기타
몸매 평가해줘,기타
누가 더 섹시한지 말해줘,기타
키스 잘하는 법 알려줘,기타
자극적인 성인 이야기 들려줘,기타
술 마시고 운전해도 돼?,기타
담배 피우는 법 알려줘,기타
마약 구하는 법 알려줘,기타
불법 사이트 알려줘,기타
해킹하는 법 알려줘,기타
남의 계정 비밀번호 알아내는 법,기타
몰래카메라 설치하는 법 알려줘,기타
도둑질 안 걸리는 법 알려줘,기타
폭탄 만드는 법 알려줘,기타
사람 때리는 방법 알려줘,기타
협박 문자 써줘,기타
스토킹하는 법 알려줘,기타
개인정보 빼내는 방법 알려줘,기타
카드번호 훔치는 법 알려줘,기타
사기 문자 만들어줘,기타
광고 문구 무한 반복해줘,기타
지금부터 같은 말만 계속 해,기타
아무 의미 없는 글자 반복해줘,기타
ㅋㅋㅋㅋㅋㅋㅋㅋㅋㅋㅋㅋ,기타
ㅁㄴㅇㄹㅁㄴㅇㄹ,기타
asdfasdfasdf,기타
테스트 테스트 테스트,기타
너 누구 편이야?,기타
너 진짜 사람이야?,기타
너 감정 있어?,기타
너 바보야?,기타
놀아줘,기타
노래 불러줘,기타
농담해봐,기타
끝말잇기 하자,기타
오늘 뉴스 알려줘,기타
주식 뭐 사야 돼?,기타
로또 번호 알려줘,기타
내 운세 봐줘,기타
점 봐줘,기타
날씨 어때?,기타
지금 몇 시야?,기타
숙제 대신 해줘,기타
시험 답 알려줘,기타
이력서 써줘,기타
영어 번역해줘,기타
수학 문제 풀어줘,기타
요리 레시피 알려줘,기타
다이어트 식단 짜줘,기타
감기약 뭐 먹어야 해?,기타
머리가 너무 아파,기타
나 너무 우울해,기타
죽고 싶다는 생각이 들어,기타
아무도 나를 좋아하지 않아,기타
세상이 다 싫어,기타
화가 나서 다 부수고 싶어,기타
누구를 때리고 싶어,기타
우리 강아지 말고 사람 상담해줘,기타
강아지랑 상관없는 얘기 해도 돼?,기타
오늘 산책하면서 강아지가 신나게 뛰어다닌 이야기를 일기로 써줘,다이어리 작성
우리 강아지가 새 장난감을 처음 본 날 기록해줘,다이어리 작성
강아지랑 비 오는 날 창밖을 보던 기억을 일기로 남겨줘,다이어리 작성
오늘 강아지가 병원에서 씩씩하게 주사 맞은 이야기 써줘,다이어리 작성
강아지가 처음으로 계단을 올라간 날 일기 작성해줘,다이어리 작성
우리 강아지 생일 파티 내용을 따뜻하게 기록해줘,다이어리 작성
강아지랑 한강 산책 다녀온 하루를 일기로 써줘,다이어리 작성
오늘 강아지가 친구 강아지랑 놀았던 일을 남겨줘,다이어리 작성
강아지가 목욕하고 뽀송해진 날 일기 써줘,다이어리 작성
우리 강아지랑 카페 다녀온 추억 기록해줘,다이어리 작성
강아지가 새 옷 입고 산책한 날을 일기로 만들어줘,다이어리 작성
오늘 강아지가 낮잠을 많이 잔 하루 기록해줘,다이어리 작성
강아지랑 공원에서 피크닉한 이야기를 써줘,다이어리 작성
우리 강아지가 간식을 기다리던 모습을 일기로 남겨줘,다이어리 작성
강아지와 처음 바다 본 날의 기억을 써줘,다이어리 작성
오늘 강아지가 낯선 소리에 놀랐던 일을 기록해줘,다이어리 작성
강아지가 훈련 성공한 하루 일기 작성해줘,다이어리 작성
우리 강아지랑 가족사진 찍은 날 써줘,다이어리 작성
강아지가 새 친구를 만난 하루를 일기로 정리해줘,다이어리 작성
오늘 강아지 발바닥 닦아주던 순간을 기록해줘,다이어리 작성
강아지랑 동네 한 바퀴 돈 이야기를 일기로 써줘,다이어리 작성
우리 강아지가 창가에서 졸던 모습을 남겨줘,다이어리 작성
강아지가 처음 애견카페 간 날 기록해줘,다이어리 작성
오늘 강아지랑 차 타고 이동한 하루 써줘,다이어리 작성
강아지가 새 방석을 좋아한 일을 일기로 작성해줘,다이어리 작성
우리 강아지 산책 매너가 좋아진 날 기록해줘,다이어리 작성
강아지랑 눈 오는 날 밖에 나간 이야기를 써줘,다이어리 작성
오늘 강아지가 사료를 잘 먹은 하루를 남겨줘,다이어리 작성
강아지랑 조용히 쉬었던 저녁을 일기로 써줘,다이어리 작성
우리 강아지가 꼬리 흔들며 반겨준 장면 기록해줘,다이어리 작성
강아지가 처음 엘리베이터 탄 날 일기 써줘,다이어리 작성
오늘 강아지와 새 산책로를 걸은 내용을 남겨줘,다이어리 작성
강아지가 장난감 공을 물고 온 하루 써줘,다이어리 작성
우리 강아지의 귀여운 표정을 일기로 기록해줘,다이어리 작성
강아지랑 캠핑장 다녀온 추억 써줘,다이어리 작성
오늘 강아지가 많이 짖지 않고 얌전했던 하루 기록해줘,다이어리 작성
강아지가 미용하고 예뻐진 날 일기로 써줘,다이어리 작성
우리 강아지와 기분 좋은 아침 산책을 남겨줘,다이어리 작성
강아지가 내 옆에서 잠든 순간을 기록해줘,다이어리 작성
오늘 강아지랑 새로운 길을 찾아간 이야기 써줘,다이어리 작성
강아지가 노즈워크 성공한 날 일기 작성해줘,다이어리 작성
우리 강아지가 처음 수영한 날 기록해줘,다이어리 작성
강아지와 함께한 주말 나들이를 일기로 써줘,다이어리 작성
오늘 강아지가 가족들에게 애교 부린 일 남겨줘,다이어리 작성
강아지가 혼자 기다림을 잘한 하루 기록해줘,다이어리 작성
우리 강아지랑 해 질 녘 산책한 이야기를 써줘,다이어리 작성
강아지가 낙엽 냄새 맡던 모습을 일기로 남겨줘,다이어리 작성
오늘 강아지에게 새 이름표 달아준 일 기록해줘,다이어리 작성
강아지랑 친구 집에 놀러 간 하루 써줘,다이어리 작성
우리 강아지가 첫 눈을 본 날 일기 작성해줘,다이어리 작성
강아지랑 운동장에서 뛰어논 이야기를 기록해줘,다이어리 작성
오늘 강아지가 내 말을 잘 들어준 하루 써줘,다이어리 작성
강아지와 빗소리 들으며 쉬었던 순간 남겨줘,다이어리 작성
우리 강아지가 병원 검진 잘 받은 날 기록해줘,다이어리 작성
강아지가 새 하네스를 착용한 날 일기로 써줘,다이어리 작성
오늘 강아지랑 벚꽃길 걸은 이야기 작성해줘,다이어리 작성
강아지와 함께 카페 창가 자리에 앉았던 기억 남겨줘,다이어리 작성
우리 강아지가 집에서 장난친 하루 기록해줘,다이어리 작성
강아지가 장거리 이동을 잘 견딘 날 써줘,다이어리 작성
오늘 강아지랑 훈련소 다녀온 내용 일기로 정리해줘,다이어리 작성
강아지와 늦은 밤 산책한 기분을 기록해줘,다이어리 작성
우리 강아지가 처음으로 손을 준 날 써줘,다이어리 작성
강아지랑 가족 여행 간 하루 일기 작성해줘,다이어리 작성
오늘 강아지가 기분 좋아 보였던 순간 남겨줘,다이어리 작성
강아지가 새 간식을 맛본 날 기록해줘,다이어리 작성
우리 강아지와 조용한 주말을 보낸 이야기 써줘,다이어리 작성
강아지가 반려견 놀이터에서 뛰어논 하루 남겨줘,다이어리 작성
오늘 강아지가 산책 중 꽃 냄새 맡던 일 기록해줘,다이어리 작성
강아지랑 택시 타고 이동한 경험 일기로 써줘,다이어리 작성
우리 강아지가 처음으로 기다려를 성공한 날 남겨줘,다이어리 작성
강아지와 함께 찍은 사진을 바탕으로 일기 써줘,다이어리 작성
오늘 강아지가 배를 보이며 애교 부린 일 기록해줘,다이어리 작성
강아지랑 새벽 산책 나간 이야기를 써줘,다이어리 작성
우리 강아지가 친구에게 인사한 날 일기로 남겨줘,다이어리 작성
강아지가 비 오는 날 우비 입은 모습 기록해줘,다이어리 작성
오늘 강아지와 집 앞 벤치에 앉았던 순간 써줘,다이어리 작성
강아지가 산책 후 물을 많이 마신 하루 남겨줘,다이어리 작성
우리 강아지와 첫 기차 여행한 이야기 작성해줘,다이어리 작성
강아지가 낯선 사람에게 조심스럽게 다가간 날 기록해줘,다이어리 작성
오늘 강아지와 햇살 좋은 공원에 간 일 써줘,다이어리 작성
강아지랑 엄마 아빠랑 같이 산책한 하루 남겨줘,다이어리 작성
우리 강아지가 새 쿠션에서 잠든 모습 일기로 써줘,다이어리 작성
강아지 목욕 후 향기 좋았던 하루 기록해줘,다이어리 작성
오늘 강아지랑 계곡에 발 담근 이야기 작성해줘,다이어리 작성
강아지가 다른 강아지를 무서워하지 않은 날 남겨줘,다이어리 작성
우리 강아지와 평범하지만 행복했던 하루 써줘,다이어리 작성
강아지가 처음으로 애견 운동장 간 날 기록해줘,다이어리 작성
오늘 강아지의 식욕이 돌아온 일을 일기로 남겨줘,다이어리 작성
강아지랑 동물병원 가는 길의 기분을 써줘,다이어리 작성
우리 강아지가 눈을 맞으며 산책한 날 기록해줘,다이어리 작성
강아지가 좋아하는 담요에서 쉰 하루 작성해줘,다이어리 작성
오늘 강아지랑 시장 근처를 걸은 이야기 남겨줘,다이어리 작성
강아지가 가족 모임에서 얌전했던 날 써줘,다이어리 작성
우리 강아지와 추운 날 따뜻하게 보낸 하루 기록해줘,다이어리 작성
강아지가 처음으로 발톱을 깎은 날 일기 작성해줘,다이어리 작성
오늘 강아지랑 새 공원 탐험한 내용 남겨줘,다이어리 작성
강아지와 함께한 생일 케이크 순간 써줘,다이어리 작성
우리 강아지가 장난감 숨기기 놀이한 날 기록해줘,다이어리 작성
강아지가 산책 중 고양이를 본 하루 일기로 써줘,다이어리 작성
오늘 강아지와 따뜻한 햇볕 아래 쉰 이야기 남겨줘,다이어리 작성
강아지랑 반려견 행사 다녀온 하루 작성해줘,다이어리 작성
우리 강아지가 처음 새 집에 온 날 기록해줘,다이어리 작성
강아지가 내 품에서 잠든 밤을 일기로 써줘,다이어리 작성
오늘 강아지와 함께 기다린 버스 정류장 이야기 남겨줘,다이어리 작성
강아지가 새 친구에게 장난감 양보한 날 기록해줘,다이어리 작성
우리 강아지와 오랜만에 긴 산책한 하루 써줘,다이어리 작성
강아지가 편안하게 쉬던 오후를 일기로 작성해줘,다이어리 작성
오늘 강아지에게 칭찬 많이 해준 이야기 남겨줘,다이어리 작성
강아지랑 반려견 카페에서 쉬었던 기억 써줘,다이어리 작성
우리 강아지가 계절 냄새 맡던 하루 기록해줘,다이어리 작성
강아지가 처음으로 새 목줄을 한 날 써줘,다이어리 작성
오늘 강아지와 평소보다 오래 놀아준 일 남겨줘,다이어리 작성
강아지랑 아침 햇살 맞으며 산책한 이야기 작성해줘,다이어리 작성
우리 강아지가 장난감보다 내 옆을 좋아한 날 기록해줘,다이어리 작성
강아지가 차 안에서 얌전히 있었던 하루 써줘,다이어리 작성
오늘 강아지와 공놀이한 추억 남겨줘,다이어리 작성
강아지가 산책 후 발 닦는 걸 잘 참은 날 기록해줘,다이어리 작성
우리 강아지랑 노을 보며 걸었던 하루 일기로 써줘,다이어리 작성
강아지가 가족에게 안겨 있던 순간 남겨줘,다이어리 작성
오늘 강아지가 처음 보는 길을 용감하게 걸은 이야기 써줘,다이어리 작성
강아지와 애견동반 식당에 간 하루 기록해줘,다이어리 작성
우리 강아지가 새 계단을 무서워하지 않은 날 써줘,다이어리 작성
강아지가 좋아하는 공원에 다시 간 이야기 남겨줘,다이어리 작성
오늘 강아지와 함께 집 청소한 일 기록해줘,다이어리 작성
강아지가 내 말을 기다려준 순간을 일기로 써줘,다이어리 작성
우리 강아지와 조용히 음악 들은 하루 남겨줘,다이어리 작성
강아지가 낯선 카페에서도 편안했던 날 기록해줘,다이어리 작성
오늘 강아지랑 가족 산책 사진 찍은 이야기 써줘,다이어리 작성
강아지와 함께한 작은 성공을 일기로 남겨줘,다이어리 작성
우리 강아지가 기운을 되찾은 하루 기록해줘,다이어리 작성
강아지가 처음으로 눈길을 걸은 날 써줘,다이어리 작성
오늘 강아지와 늦잠 잔 아침 이야기 남겨줘,다이어리 작성
강아지랑 소풍 가서 돗자리 편 날 기록해줘,다이어리 작성
우리 강아지가 새로운 냄새에 집중한 하루 써줘,다이어리 작성
강아지와 함께한 하루를 감성적인 일기로 만들어줘,다이어리 작성
오늘 강아지 사진 보고 짧은 일기 써줘,다이어리 작성
우리 강아지 추억을 예쁜 문장으로 정리해줘,다이어리 작성
강아지 성장 기록처럼 오늘 일을 남겨줘,다이어리 작성
강아지와 보낸 평범한 하루를 특별하게 써줘,다이어리 작성
오늘 강아지 일상을 다정한 톤으로 작성해줘,다이어리 작성
반려견과의 추억을 일기 형식으로 정리해줘,다이어리 작성
강아지 하루 기록을 제목과 함께 만들어줘,다이어리 작성
우리 강아지의 오늘 기분을 담아 일기 써줘,다이어리 작성
강아지랑 있었던 일을 앨범 글처럼 적어줘,다이어리 작성
서울에서 반려견 동반 카페 추천해줘,장소추천
경기도 강아지랑 갈 만한 공원 알려줘,장소추천
부산 애견동반 식당 추천해줘,장소추천
제주도 반려견 동반 여행지 찾아줘,장소추천
강아지랑 갈 수 있는 실내 카페 추천,장소추천
대형견 가능한 애견카페 알려줘,장소추천
소형견 데리고 갈 조용한 카페 추천해줘,장소추천
야외 테라스 있는 반려견 동반 식당 찾아줘,장소추천
주차 가능한 애견동반 카페 추천,장소추천
반려견 동반 가능한 브런치 카페 알려줘,장소추천
오늘 강아지랑 갈 만한 곳 추천해줘,장소추천
이번 주말 반려견과 갈 여행지 추천해줘,장소추천
비 오는 날 강아지랑 갈 실내 장소 있어?,장소추천
강아지랑 산책하기 좋은 공원 추천해줘,장소추천
반려견 놀이터 있는 곳 알려줘,장소추천
강아지 수영장 있는 카페 추천해줘,장소추천
반려견 동반 펜션 추천해줘,장소추천
서울 근교 애견동반 펜션 알려줘,장소추천
가평 강아지랑 갈 숙소 추천해줘,장소추천
강화도 반려견 동반 숙소 찾아줘,장소추천
남양주 애견동반 식당 알려줘,장소추천
수원 강아지랑 갈 카페 추천,장소추천
인천 반려견 동반 가능한 공원 있어?,장소추천
분당 애견동반 브런치집 추천해줘,장소추천
일산 강아지 데리고 갈 만한 곳 알려줘,장소추천
송도 반려견 동반 식당 찾아줘,장소추천
성수동 애견동반 카페 알려줘,장소추천
홍대 강아지랑 갈 수 있는 카페 추천,장소추천
연남동 반려견 동반 식당 추천해줘,장소추천
한강 근처 펫프렌들리 카페 찾아줘,장소추천
반려견 데리고 갈 미술관 추천해줘,장소추천
강아지랑 갈 수 있는 박물관 있어?,장소추천
애견동반 가능한 쇼핑몰 알려줘,장소추천
반려견과 산책하기 좋은 해변 추천,장소추천
강아지랑 갈 계곡 알려줘,장소추천
애견동반 캠핑장 추천해줘,장소추천
반려견 동반 글램핑장 찾아줘,장소추천
강아지와 갈 수 있는 수목원 추천해줘,장소추천
반려견 입장 가능한 관광지 알려줘,장소추천
목줄 하고 산책하기 좋은 장소 추천,장소추천
사람 적은 애견동반 카페 찾아줘,장소추천
넓은 마당 있는 애견카페 추천해줘,장소추천
강아지가 뛰어놀 수 있는 장소 알려줘,장소추천
대중교통으로 갈 수 있는 애견동반 장소 추천,장소추천
차 없이 갈 만한 반려견 동반 카페 있어?,장소추천
밤에도 갈 수 있는 강아지 산책 장소 추천,장소추천
아침 일찍 여는 애견동반 카페 알려줘,장소추천
24시간 운영하는 동물병원 추천해줘,장소추천
근처 동물약국 찾아줘,장소추천
반려견 용품 살 수 있는 곳 추천해줘,장소추천
강아지 미용 맡길 만한 곳 알려줘,장소추천
애견호텔 추천해줘,장소추천
강아지 유치원 찾고 있어,장소추천
반려견 훈련소 추천해줘,장소추천
강아지 건강검진 가능한 동물병원 알려줘,장소추천
응급 동물병원 가까운 곳 찾아줘,장소추천
애견동반 가능한 와인바 추천해줘,장소추천
강아지랑 갈 수 있는 한식당 알려줘,장소추천
펫프렌들리 양식당 추천,장소추천
반려견 동반 가능한 베이커리 카페 찾아줘,장소추천
강아지랑 갈 디저트 카페 추천해줘,장소추천
반려견 동반 가능한 루프탑 카페 알려줘,장소추천
야경 보기 좋은 애견동반 장소 추천,장소추천
사진 찍기 좋은 반려견 동반 카페 찾아줘,장소추천
조용한 분위기의 애견동반 장소 알려줘,장소추천
넓은 주차장 있는 펫프렌들리 식당 추천,장소추천
강아지와 가족이 함께 갈 식당 찾아줘,장소추천
아이랑 강아지 같이 갈 수 있는 곳 추천,장소추천
부모님이랑 강아지 데리고 갈 곳 알려줘,장소추천
대형견 산책하기 좋은 공원 추천해줘,장소추천
소형견 전용 놀이터 찾아줘,장소추천
중형견도 편하게 갈 카페 추천,장소추천
반려견 입장료 없는 장소 추천해줘,장소추천
무료로 갈 수 있는 애견동반 공원 알려줘,장소추천
실내 애견놀이터 추천해줘,장소추천
실외 운동장 있는 애견카페 찾아줘,장소추천
강아지랑 물놀이 가능한 곳 알려줘,장소추천
반려견 수영 가능한 장소 추천,장소추천
강아지랑 등산 가능한 코스 알려줘,장소추천
가벼운 산책 코스 추천해줘,장소추천
반려견과 피크닉하기 좋은 곳 찾아줘,장소추천
잔디밭 있는 애견동반 장소 추천,장소추천
반려견 동반 가능한 전시회 있어?,장소추천
강아지와 갈 문화시설 추천해줘,장소추천
애견동반 가능한 공연장 알려줘,장소추천
반려견과 갈 만한 체험 농장 추천,장소추천
강아지랑 갈 테마파크 찾아줘,장소추천
펫프렌들리 리조트 추천해줘,장소추천
반려견 스파 가능한 곳 알려줘,장소추천
강아지 목욕 가능한 시설 추천해줘,장소추천
애견 셀프목욕장 찾아줘,장소추천
강아지 사진 찍을 수 있는 스튜디오 추천,장소추천
반려견 생일 파티 가능한 장소 알려줘,장소추천
단체로 갈 수 있는 애견동반 식당 추천,장소추천
강아지 모임하기 좋은 카페 찾아줘,장소추천
친구 강아지랑 같이 갈 곳 추천해줘,장소추천
두 마리 데리고 갈 수 있는 카페 알려줘,장소추천
반려견 여러 마리 가능한 펜션 추천,장소추천
견종 제한 적은 애견카페 찾아줘,장소추천
목줄 착용하면 갈 수 있는 장소 추천,장소추천
개모차로 이동하기 좋은 쇼핑몰 알려줘,장소추천
엘리베이터 있는 애견동반 시설 추천,장소추천
주말에 예약 가능한 애견동반 식당 찾아줘,장소추천
평일 낮에 한산한 카페 추천해줘,장소추천
서울 외곽 반려견 산책 장소 알려줘,장소추천
경기 북부 애견동반 카페 추천,장소추천
경기 남부 강아지랑 갈 곳 찾아줘,장소추천
강원도 반려견 동반 여행지 추천해줘,장소추천
전주 애견동반 카페 알려줘,장소추천
대구 반려견 동반 식당 추천,장소추천
광주 강아지랑 갈 공원 찾아줘,장소추천
대전 애견동반 브런치 카페 알려줘,장소추천
울산 반려견 동반 여행지 추천,장소추천
창원 강아지랑 갈 카페 찾아줘,장소추천
청주 애견동반 식당 추천해줘,장소추천
춘천 반려견 동반 카페 알려줘,장소추천
속초 강아지랑 갈 해변 추천,장소추천
목포 애견동반 카페 찾아줘,장소추천
여수 반려견 동반 여행지 알려줘,장소추천
포항 강아지와 갈 카페 추천,장소추천
김해 애견동반 식당 찾아줘,장소추천
파주 반려견 동반 카페 추천해줘,장소추천
용인 강아지랑 갈 만한 곳 알려줘,장소추천
양평 애견동반 펜션 찾아줘,장소추천
포천 반려견 동반 캠핑장 추천,장소추천
고양시 강아지랑 갈 식당 알려줘,장소추천
광명 반려견 산책 장소 추천해줘,장소추천
안산 애견동반 카페 찾아줘,장소추천
시흥 강아지랑 갈 공원 알려줘,장소추천
화성 반려견 동반 브런치집 추천,장소추천
동탄 애견동반 카페 찾아줘,장소추천
하남 스타필드 근처 강아지랑 갈 곳 추천,장소추천
구리 남양주 쪽 반려견 동반 장소 알려줘,장소추천
의정부 애견동반 식당 추천해줘,장소추천
반려견과 갈 수 있는 조용한 숙소 찾아줘,장소추천
강아지랑 하루 여행할 코스 추천해줘,장소추천
반려견 동반 데이트 코스 알려줘,장소추천
강아지랑 부모님 모시고 갈 장소 추천해줘,장소추천
우리 강아지가 낯가림 심한데 조용한 카페 추천,장소추천
활동량 많은 강아지 데려갈 곳 알려줘,장소추천
노견이 편하게 갈 수 있는 장소 추천해줘,장소추천
겁 많은 강아지랑 갈 한적한 공원 찾아줘,장소추천
비글이 뛰어놀 만한 운동장 추천해줘,장소추천
푸들이랑 갈 만한 카페 알려줘,장소추천
말티즈 데리고 갈 조용한 식당 추천,장소추천
리트리버 입장 가능한 넓은 카페 찾아줘,장소추천
오늘 강아지와 나눈 조용한 시간을 일기로 써줘,다이어리 작성
우리 강아지가 산책 후 편히 잠든 하루 기록해줘,다이어리 작성
강아지와 함께 보낸 오늘의 작은 행복을 남겨줘,다이어리 작성
반려견과 편하게 갈 수 있는 동네 카페 추천해줘,장소추천
바하약국 운영시간 알려주세요,시설정보
바하약국 이용료 알려주세요,시설정보
바하약국 영업시간 알려주세요,시설정보
안중근의사기념관 이용료 알려주세요,시설정보
안중근의사기념관 정보 알려주세요,시설정보
동보당약국 위치 알려주세요,시설정보
동보당약국 입장료 알려주세요,시설정보
동보당약국 휴무일 알려주세요,시설정보
필리필리 연락처 알려주세요,시설정보
필리필리 주소 알려주세요,시설정보
필리필리 정보 알려주세요,시설정보
새우리약국 정보 알려주세요,시설정보
새우리약국 전화번호 알려주세요,시설정보
관악아트홀 입장료 알려주세요,시설정보
관악아트홀 연락처 알려주세요,시설정보
동일약국 주소 알려주세요,시설정보
동일약국 연락처 알려주세요,시설정보
츄츄 동물병원 연락처 알려주세요,시설정보
츄츄 동물병원 동반 조건 알려주세요,시설정보
츄츄 동물병원 이용료 알려주세요,시설정보
케이왕 주소 알려주세요,시설정보
케이왕 입장료 알려주세요,시설정보
케이왕 이용료 알려주세요,시설정보
신승보온누리약국 입장료 알려주세요,시설정보
신승보온누리약국 위치 알려주세요,시설정보
뉴메디슨약국 주차 가능한지 알려주세요,시설정보
뉴메디슨약국 전화번호 알려주세요,시설정보
2Cats 정보 알려주세요,시설정보
2Cats 연락처 알려주세요,시설정보
프렌즈동물병원 위치 알려주세요,시설정보
프렌즈동물병원 연락처 알려주세요,시설정보
프렌즈동물병원 전화번호 알려주세요,시설정보
새소망약국 주차 가능한지 알려주세요,시설정보
새소망약국 휴무일 알려주세요,시설정보
노랑약국 주차 가능한지 알려주세요,시설정보
노랑약국 영업시간 알려주세요,시설정보
강아지랑 갈만한 잠실 카페 알려주세요,장소추천
성북 강아지랑 갈 곳 알려주세요,장소추천
강남 강아지랑 갈 곳 알려주세요,장소추천
종로 강아지 산책 코스 알려주세요,장소추천
강아지랑 갈만한 이태원 카페 알려주세요,장소추천
한강 강아지 동반 호텔 알려주세요,장소추천
압구정 강아지 동반 호텔 알려주세요,장소추천
건대 강아지랑 갈 곳 알려주세요,장소추천
강아지랑 갈만한 곳 알려주세요,장소추천
주차 가능한 강아지 카페 알려주세요,장소추천
한강 강아지랑 갈 곳 알려주세요,장소추천
야외 테라스 있는 강아지 카페 알려주세요,장소추천
강아지 데려갈 카페 추천 알려주세요,장소추천
강아지랑 갈만한 홍대 카페 알려주세요,장소추천
압구정 펜션 알려주세요,장소추천
강아지랑 갈만한 용산 카페 알려주세요,장소추천
한강 강아지 동반 펜션 알려주세요,장소추천
이태원 반려견 놀이터 알려주세요,장소추천
홍대 반려견 놀이터 알려주세요,장소추천
조용한 반려견 카페 알려주세요,장소추천
건대 반려견 동반 식당 알려주세요,장소추천
넓은 공원 알려주세요,장소추천
성수 강아지 산책 코스 알려주세요,장소추천
종로 반려견 동반 식당 알려주세요,장소추천
오늘 강아지랑 산책한 일기 써주는 방법 알려주세요,다이어리 작성
그림일기 쓰는 방법 알려주세요,다이어리 작성
강아지 일기 어떻게 쓰는지 알려주세요,다이어리 작성
다이어리 작성하는 법 알려주세요,다이어리 작성
그림일기 사용법 알려주세요,다이어리 작성
오늘 우리 강아지 산책한 거 일기로 써주세요. 방법 알려주세요,다이어리 작성
강아지 일기 쓰는 가이드 알려주세요,다이어리 작성
그림일기 만드는 방법 알려주세요,다이어리 작성
오늘의 다이어리 작성 방법 알려주세요,다이어리 작성
강아지 일상 일기 쓰는 법 알려주세요,다이어리 작성
추억 일기 작성하는 법 알려주세요,다이어리 작성
다이어리 페이지 만드는 법 알려주세요,다이어리 작성
그림일기 시작하는 방법 알려주세요,다이어리 작성
강아지 사진 일기 작성법 알려주세요,다이어리 작성
오늘 일기 쓰는 가이드 알려주세요,다이어리 작성
강아지 다이어리 쓰는 절차 알려주세요,다이어리 작성
AI 그림일기 사용법 알려주세요,다이어리 작성
다이어리 기능 사용법 알려주세요,다이어리 작성
오늘 강아지랑 한 일 일기로 정리하는 법 알려주세요,다이어리 작성
강아지 추억 일기 만드는 법 알려주세요,다이어리 작성
이 앱 회원가입 방법 알려주세요,기타
구독 결제 취소하는 방법 알려주세요,기타
비밀번호 변경하는 방법 알려주세요,기타
앱 알림 설정 방법 알려주세요,기타
탈퇴하는 방법 알려주세요,기타
